<?xml version="1.0" encoding="UTF-8" standalone="yes"?>
<addon id="script.module.nanscrapers" name="NaN Scrapers" version="0.5.6" provider-name="Team NaN">
    <requires>
        <import addon="xbmc.python" version="2.1.0"/>
        <import addon="script.module.beautifulsoup" version="3.2.1"/>
        <import addon="script.module.futures" version="2.2.0"/>
        <import addon="script.module.requests"/>
    </requires>
    <extension point="xbmc.python.module" library="lib"/>
    <extension point="xbmc.python.pluginsource" library="lib/default.py"/>
    <extension point="xbmc.addon.metadata">
        <platform>all</platform>
        <summary lang="en">Scrape common video host for URL's to be playable in XBMC/Kodi.</summary>
        <description lang="en">Scrape common video host for URL's to be playable in XBMC/Kodi, simplifying addon development of video plugins requiring multi video hosts.
        </description>
        <license>GPL v3</license>
    </extension>
</addon>
